country,countryCode,totalConfirmed,totalDeaths,totalRecovered,dailyConfirmed,dailyDeaths,activeCases,totalCritical,lastUpdated
USA,US,13750608,273077,8107270,0,0,5370261,24822,2020-11-30T06:38:00.000Z
India,IN,9432075,137177,8847600,0,0,447298,8944,2020-11-30T06:38:00.000Z
Brazil,BR,6314740,172848,5578118,0,0,563774,8318,2020-11-30T06:38:00.000Z
Russia,RU,2269316,39527,1761457,0,0,468332,2300,2020-11-30T06:38:00.000Z
France,FR,2218483,52325,161427,0,0,2004731,3756,2020-11-30T06:38:00.000Z
Spain,ES,1646192,44668,7015,0,0,0,2777,2020-11-30T06:38:00.000Z
UK,GB,1617327,58245,135,0,0,0,1417,2020-11-30T06:38:00.000Z
Italy,IT,1585178,54904,734503,0,0,795771,3753,2020-11-30T06:38:00.000Z
Argentina,AR,1418807,38473,1249843,0,0,130491,4013,2020-11-30T06:38:00.000Z
Colombia,CO,1308376,36584,1204452,0,0,67340,2376,2020-11-30T06:38:00.000Z
Mexico,MX,1107071,105655,818397,6388,196,183019,3335,2020-11-30T06:38:00.000Z
Germany,DE,1055607,16533,722300,0,0,316774,3854,2020-11-30T06:38:00.000Z
Poland,PL,985075,17029,559429,0,0,408617,2100,2020-11-30T06:38:00.000Z
Peru,PE,962530,35923,893061,0,0,33546,983,2020-11-30T06:38:00.000Z
Iran,IR,948749,47874,658292,0,0,242583,5859,2020-11-30T06:38:00.000Z
South Africa,ZA,787702,21477,730633,0,0,35592,546,2020-11-30T06:38:00.000Z
Ukraine,UA,732625,12327,345149,9946,114,375149,177,2020-11-30T06:38:00.000Z
Turkey,TR,607628,13558,400242,0,0,193828,5011,2020-11-30T06:38:00.000Z
Belgium,BE,576599,16547,37383,2151,86,522669,906,2020-11-30T06:38:00.000Z
Iraq,IQ,550435,12224,480903,0,0,57308,300,2020-11-30T06:38:00.000Z
Chile,CL,550430,15356,525212,0,0,9862,693,2020-11-30T06:38:00.000Z
Indonesia,ID,534266,16815,445793,0,0,71658,0,2020-11-30T06:38:00.000Z
Czechia,CZ,519723,8138,444406,0,0,67179,839,2020-11-30T06:38:00.000Z
Netherlands,NL,518910,9349,3,0,0,0,518,2020-11-30T06:38:00.000Z
Romania,RO,471536,11193,348852,0,0,111491,1250,2020-11-30T06:38:00.000Z
Bangladesh,BD,462407,6609,378172,0,0,77626,0,2020-11-30T06:38:00.000Z
Philippines,PH,429864,8373,398624,0,0,22867,1449,2020-11-30T06:38:00.000Z
Pakistan,PK,398024,8025,341423,2839,40,48576,2046,2020-11-30T06:38:00.000Z
Canada,CA,370278,12032,294411,0,0,63835,450,2020-11-30T06:38:00.000Z
Saudi Arabia,SA,357128,5884,346409,0,0,4835,674,2020-11-30T06:38:00.000Z
Morocco,MA,353803,5789,302314,0,0,45700,1041,2020-11-30T06:38:00.000Z
Israel,IL,335980,2864,323219,382,0,9897,263,2020-11-30T06:38:00.000Z
Switzerland,CH,318290,4650,222100,0,0,91540,495,2020-11-30T06:38:00.000Z
Portugal,PT,294799,4427,209534,0,0,80838,536,2020-11-30T06:38:00.000Z
Austria,AT,279708,3105,216998,0,0,59605,691,2020-11-30T06:38:00.000Z
Sweden,SE,243129,6681,16,0,0,0,221,2020-11-30T06:38:00.000Z
Nepal,NP,231978,1479,212590,0,0,17909,0,2020-11-30T06:38:00.000Z
Jordan,JO,214307,2694,148572,0,0,63041,462,2020-11-30T06:38:00.000Z
Hungary,HU,211527,4672,55637,0,0,151218,657,2020-11-30T06:38:00.000Z
Ecuador,EC,192117,13423,169804,0,0,8890,371,2020-11-30T06:38:00.000Z
Serbia,RS,169214,1549,31536,0,0,136129,252,2020-11-30T06:38:00.000Z
UAE,AE,167753,570,154185,0,0,12998,0,2020-11-30T06:38:00.000Z
Panama,PA,164729,3060,143616,0,0,18053,151,2020-11-30T06:38:00.000Z
Japan,JP,144653,2106,121891,0,0,20656,462,2020-11-30T06:38:00.000Z
Bolivia,BO,144622,8952,121472,30,3,14198,71,2020-11-30T06:38:00.000Z
Dominican Republic,DO,143473,2330,114818,0,0,26325,191,2020-11-30T06:38:00.000Z
Bulgaria,BG,142486,3814,48594,0,0,90078,430,2020-11-30T06:38:00.000Z
Kuwait,KW,142426,878,136413,0,0,5135,76,2020-11-30T06:38:00.000Z
Qatar,QA,138648,237,135862,0,0,2549,33,2020-11-30T06:38:00.000Z
Costa Rica,CR,137093,1690,84991,0,0,50412,220,2020-11-30T06:38:00.000Z
Belarus,BY,135008,1151,113375,0,0,20482,0,2020-11-30T06:38:00.000Z
Armenia,AM,134768,2142,107364,0,0,25262,0,2020-11-30T06:38:00.000Z
Georgia,GE,132368,1230,110049,0,0,21089,0,2020-11-30T06:38:00.000Z
Kazakhstan,KZ,131659,1990,116461,794,0,13208,221,2020-11-30T06:38:00.000Z
Lebanon,LB,126944,1004,76774,0,0,49166,352,2020-11-30T06:38:00.000Z
Croatia,HR,126612,1712,101838,0,0,23062,260,2020-11-30T06:38:00.000Z
Oman,OM,123484,1418,114963,0,0,7103,107,2020-11-30T06:38:00.000Z
Guatemala,GT,121971,4166,110588,0,0,7217,5,2020-11-30T06:38:00.000Z
Azerbaijan,AZ,118195,1361,73676,0,0,43158,0,2020-11-30T06:38:00.000Z
Egypt,EG,115541,6636,102596,0,0,6309,46,2020-11-30T06:38:00.000Z
Ethiopia,ET,109534,1700,69315,0,0,38519,309,2020-11-30T06:38:00.000Z
Honduras,HN,107888,2909,47680,375,4,57299,128,2020-11-30T06:38:00.000Z
Moldova,MD,107017,2290,94586,0,0,10141,265,2020-11-30T06:38:00.000Z
Slovakia,SK,105733,816,64197,0,0,40720,230,2020-11-30T06:38:00.000Z
Greece,GR,104227,2321,9989,0,0,91917,603,2020-11-30T06:38:00.000Z
Venezuela,VE,102040,894,96652,0,0,4494,117,2020-11-30T06:38:00.000Z
Tunisia,TN,96251,3219,69624,0,0,23408,299,2020-11-30T06:38:00.000Z
Myanmar,MM,89486,1918,68910,0,0,18658,0,2020-11-30T06:38:00.000Z
Bosnia and Herzegovina,BA,87374,2620,51479,0,0,33275,0,2020-11-30T06:38:00.000Z
Bahrain,BH,86787,341,84977,0,0,1469,15,2020-11-30T06:38:00.000Z
China,CN,86530,4634,81619,18,0,277,7,2020-11-30T06:38:00.000Z
Palestine,PS,83585,717,63834,0,0,19034,67,2020-11-30T06:38:00.000Z
Kenya,KE,83316,1452,54975,0,0,26889,68,2020-11-30T06:38:00.000Z
Libya,LY,82430,1166,53266,0,0,27998,0,2020-11-30T06:38:00.000Z
Algeria,DZ,82221,2410,53204,0,0,26607,44,2020-11-30T06:38:00.000Z
Paraguay,PY,81906,1743,57947,0,0,22216,127,2020-11-30T06:38:00.000Z
Denmark,DK,79352,829,62514,0,0,16009,43,2020-11-30T06:38:00.000Z
Slovenia,SI,75381,1384,53687,0,0,20310,194,2020-11-30T06:38:00.000Z
Uzbekistan,UZ,72920,608,70198,50,0,2114,198,2020-11-30T06:38:00.000Z
Kyrgyzstan,KG,72807,1271,64149,380,5,7387,133,2020-11-30T06:38:00.000Z
Ireland,IE,72241,2052,23364,0,0,46825,30,2020-11-30T06:38:00.000Z
Nigeria,NG,67412,1173,63055,0,0,3184,10,2020-11-30T06:38:00.000Z
Malaysia,MY,64485,357,52647,0,0,11481,116,2020-11-30T06:38:00.000Z
North Macedonia,MK,61543,1731,38400,0,0,21412,138,2020-11-30T06:38:00.000Z
Lithuania,LT,60193,493,14120,0,0,45580,132,2020-11-30T06:38:00.000Z
Singapore,SG,58213,29,58124,0,0,60,0,2020-11-30T06:38:00.000Z
Ghana,GH,51569,323,50450,0,0,796,16,2020-11-30T06:38:00.000Z
Afghanistan,AF,46215,1763,36731,0,0,7721,93,2020-11-30T06:38:00.000Z
El Salvador,SV,38405,1114,35078,0,3,2213,38,2020-11-30T06:38:00.000Z
Albania,AL,37625,798,18481,0,0,18346,27,2020-11-30T06:38:00.000Z
Norway,NO,35828,328,20956,0,0,14544,36,2020-11-30T06:38:00.000Z
Montenegro,ME,34881,487,23484,0,0,10910,68,2020-11-30T06:38:00.000Z
Luxembourg,LU,34539,312,24073,0,0,10154,42,2020-11-30T06:38:00.000Z
S. Korea,KR,34201,526,27653,377,3,6022,76,2020-11-30T06:38:00.000Z
Australia,AU,27902,908,25595,9,1,1399,0,2020-11-30T06:38:00.000Z
Finland,FI,24629,393,16800,0,0,7436,19,2020-11-30T06:38:00.000Z
Cameroon,CM,24117,437,22177,0,0,1503,52,2020-11-30T06:38:00.000Z
Sri Lanka,LK,23484,116,17002,0,0,6366,0,2020-11-30T06:38:00.000Z
Ivory Coast,CI,21310,131,20947,0,0,232,0,2020-11-30T06:38:00.000Z
Uganda,UG,20145,201,8989,0,0,10955,0,2020-11-30T06:38:00.000Z
Zambia,ZM,17608,357,16983,0,0,268,0,2020-11-30T06:38:00.000Z
Sudan,SD,17404,1235,10175,0,0,5994,0,2020-11-30T06:38:00.000Z
Madagascar,MG,17341,251,16657,0,0,433,16,2020-11-30T06:38:00.000Z
Latvia,LV,16975,197,1719,0,0,15059,36,2020-11-30T06:38:00.000Z
Senegal,SN,16075,333,15597,0,0,145,5,2020-11-30T06:38:00.000Z
Mozambique,MZ,15613,130,13677,0,0,1806,0,2020-11-30T06:38:00.000Z
Angola,AO,15103,346,7763,0,0,6994,16,2020-11-30T06:38:00.000Z
Namibia,NA,14345,151,13439,0,0,755,5,2020-11-30T06:38:00.000Z
French Polynesia,PF,14096,73,4842,0,0,9181,21,2020-11-30T06:38:00.000Z
Guinea,GN,13039,76,11982,0,0,981,24,2020-11-30T06:38:00.000Z
Maldives,MV,12994,46,11902,0,0,1046,12,2020-11-30T06:38:00.000Z
DRC,CD,12702,333,11585,0,0,784,0,2020-11-30T06:38:00.000Z
Tajikistan,TJ,12155,86,11559,0,0,510,0,2020-11-30T06:38:00.000Z
Estonia,EE,12052,112,7010,0,0,4930,17,2020-11-30T06:38:00.000Z
French Guiana,GF,11179,70,9995,0,0,1114,1,2020-11-30T06:38:00.000Z
Cabo Verde,CV,10747,105,10229,0,0,413,23,2020-11-30T06:38:00.000Z
Jamaica,JM,10709,256,6066,0,0,4387,7,2020-11-30T06:38:00.000Z
Cyprus,CY,10383,48,2057,0,0,8278,15,2020-11-30T06:38:00.000Z
Botswana,BW,10258,31,7717,0,0,2510,1,2020-11-30T06:38:00.000Z
Zimbabwe,ZW,9950,276,8482,128,1,1192,0,2020-11-30T06:38:00.000Z
Malta,MT,9752,133,7557,0,0,2062,18,2020-11-30T06:38:00.000Z
Haiti,HT,9272,232,7951,0,0,1089,0,2020-11-30T06:38:00.000Z
Gabon,GA,9191,59,9037,0,0,95,7,2020-11-30T06:38:00.000Z
Mauritania,MR,8547,175,7717,0,0,655,10,2020-11-30T06:38:00.000Z
Guadeloupe,GP,8344,149,2242,0,0,5953,9,2020-11-30T06:38:00.000Z
Cuba,CU,8233,134,7586,0,0,513,2,2020-11-30T06:38:00.000Z
Réunion,RE,7940,40,7172,0,0,728,17,2020-11-30T06:38:00.000Z
Syria,SY,7797,413,3500,0,0,3884,0,2020-11-30T06:38:00.000Z
Bahamas,BS,7517,163,5867,0,0,1487,1,2020-11-30T06:38:00.000Z
Andorra,AD,6712,76,5794,0,0,842,20,2020-11-30T06:38:00.000Z
Trinidad and Tobago,TT,6660,120,5745,0,0,795,38,2020-11-30T06:38:00.000Z
Eswatini,SZ,6410,121,5996,0,0,293,11,2020-11-30T06:38:00.000Z
Hong Kong,HK,6239,109,5340,0,0,790,11,2020-11-30T06:38:00.000Z
Malawi,MW,6025,185,5453,0,0,387,4,2020-11-30T06:38:00.000Z
Rwanda,RW,5919,48,5480,0,0,391,0,2020-11-30T06:38:00.000Z
Nicaragua,NI,5784,160,4225,0,0,1399,0,2020-11-30T06:38:00.000Z
Belize,BZ,5743,147,3131,96,3,2465,7,2020-11-30T06:38:00.000Z
Uruguay,UY,5716,76,4267,0,0,1373,16,2020-11-30T06:38:00.000Z
Djibouti,DJ,5677,61,5577,0,0,39,0,2020-11-30T06:38:00.000Z
Martinique,MQ,5413,40,98,0,0,5275,16,2020-11-30T06:38:00.000Z
Iceland,IS,5381,26,5168,0,0,187,2,2020-11-30T06:38:00.000Z
Guyana,GY,5376,150,4346,0,0,880,3,2020-11-30T06:38:00.000Z
Suriname,SR,5312,117,5192,0,0,3,3,2020-11-30T06:38:00.000Z
Mayotte,YT,5181,49,2964,0,0,2168,4,2020-11-30T06:38:00.000Z
Equatorial Guinea,GQ,5153,85,5009,0,0,59,0,2020-11-30T06:38:00.000Z
CAR,CF,4913,63,1924,0,0,2926,2,2020-11-30T06:38:00.000Z
Aruba,AW,4838,45,4679,0,0,114,4,2020-11-30T06:38:00.000Z
Mali,ML,4688,152,3178,0,0,1358,0,2020-11-30T06:38:00.000Z
Somalia,SO,4451,113,3417,0,0,921,0,2020-11-30T06:38:00.000Z
Thailand,TH,3998,60,3803,21,0,135,1,2020-11-30T06:38:00.000Z
Gambia,GM,3734,123,3591,0,0,20,2,2020-11-30T06:38:00.000Z
South Sudan,,3109,61,2954,0,0,94,0,2020-11-30T06:38:00.000Z
Benin,BJ,2974,43,2819,0,0,112,0,2020-11-30T06:38:00.000Z
Togo,TG,2962,64,2464,0,0,434,0,2020-11-30T06:38:00.000Z
Burkina Faso,BF,2856,68,2593,0,0,195,0,2020-11-30T06:38:00.000Z
Guinea-Bissau,GW,2422,43,2309,0,0,70,5,2020-11-30T06:38:00.000Z
Sierra Leone,SL,2411,74,1836,0,0,501,0,2020-11-30T06:38:00.000Z
Curaçao,CW,2364,4,1138,0,0,1222,16,2020-11-30T06:38:00.000Z
Yemen,YE,2177,617,1504,0,0,56,4,2020-11-30T06:38:00.000Z
Lesotho,LS,2109,44,1278,0,0,787,0,2020-11-30T06:38:00.000Z
New Zealand,NZ,2056,25,1959,6,0,72,0,2020-11-30T06:38:00.000Z
Chad,TD,1682,101,1515,0,0,66,0,2020-11-30T06:38:00.000Z
Liberia,LR,1595,83,1343,0,0,169,2,2020-11-30T06:38:00.000Z
San Marino,SM,1586,45,1285,0,0,256,9,2020-11-30T06:38:00.000Z
Niger,NE,1516,70,1207,0,0,239,9,2020-11-30T06:38:00.000Z
Vietnam,VN,1343,35,1179,0,0,129,0,2020-11-30T06:38:00.000Z
Liechtenstein,LI,1253,15,1024,0,0,214,12,2020-11-30T06:38:00.000Z
Channel Islands,,1218,48,975,0,0,195,10,2020-11-30T06:38:00.000Z
Gibraltar,GI,1014,5,932,0,0,77,3,2020-11-30T06:38:00.000Z
Sao Tome and Principe,ST,989,17,930,0,0,42,0,2020-11-30T06:38:00.000Z
Mongolia,MN,791,0,354,7,0,437,6,2020-11-30T06:38:00.000Z
Turks and Caicos,TC,748,6,706,0,0,36,1,2020-11-30T06:38:00.000Z
Diamond Princess,OT,712,13,659,0,0,40,4,2020-11-30T06:38:00.000Z
Saint Martin,MF,690,12,598,0,0,80,7,2020-11-30T06:38:00.000Z
Burundi,BI,681,1,575,0,0,105,0,2020-11-30T06:38:00.000Z
Taiwan,TW,651,7,565,0,0,79,0,2020-11-30T06:38:00.000Z
Papua New Guinea,PG,645,7,588,0,0,50,0,2020-11-30T06:38:00.000Z
Comoros,KM,611,7,586,0,0,18,0,2020-11-30T06:38:00.000Z
Monaco,MC,608,3,537,0,0,68,4,2020-11-30T06:38:00.000Z
Eritrea,ER,577,0,498,0,0,79,0,2020-11-30T06:38:00.000Z
Tanzania,TZ,509,21,183,0,0,305,7,2020-11-30T06:38:00.000Z
Faeroe Islands,FO,502,0,498,0,0,4,0,2020-11-30T06:38:00.000Z
Mauritius,MU,501,10,443,0,0,48,0,2020-11-30T06:38:00.000Z
Bhutan,BT,396,0,377,0,0,19,0,2020-11-30T06:38:00.000Z
Isle of Man,IM,369,25,338,0,0,6,1,2020-11-30T06:38:00.000Z
Cambodia,KH,323,0,301,8,0,22,0,2020-11-30T06:38:00.000Z
Barbados,BB,275,7,250,0,0,18,0,2020-11-30T06:38:00.000Z
Cayman Islands,KY,274,2,252,0,0,20,1,2020-11-30T06:38:00.000Z
Saint Lucia,LC,257,2,109,0,0,146,0,2020-11-30T06:38:00.000Z
Bermuda,BM,251,9,213,0,0,29,1,2020-11-30T06:38:00.000Z
Seychelles,SC,173,0,162,0,0,11,0,2020-11-30T06:38:00.000Z
Caribbean Netherlands,,162,3,157,0,0,2,0,2020-11-30T06:38:00.000Z
Brunei ,,150,3,145,0,0,2,0,2020-11-30T06:38:00.000Z
Brunei,BN,141,2,138,0,0,1,1,2020-06-02T01:47:00.000Z
Antigua and Barbuda,AG,141,4,130,0,0,7,2,2020-11-30T06:38:00.000Z
United Arab Emirates,,140,2,31,0,0,0,0,2020-03-20T23:13:09.000Z
St. Barth,BL,127,0,94,0,0,33,0,2020-11-30T06:38:00.000Z
St. Vincent Grenadines,VC,85,0,79,0,0,6,0,2020-11-30T06:38:00.000Z
Dominica,DM,85,0,63,0,0,22,0,2020-11-30T06:38:00.000Z
British Virgin Islands,VG,71,1,70,0,0,0,0,2020-11-30T06:38:00.000Z
Macao,MO,46,0,46,0,0,0,0,2020-11-30T06:38:00.000Z
Grenada,GD,41,0,30,0,0,11,0,2020-11-30T06:38:00.000Z
Laos,LA,39,0,24,0,0,15,0,2020-11-30T06:38:00.000Z
Puerto Rico,PR,39,2,1,8,0,36,0,2020-03-25T08:50:37.000Z
Fiji,FJ,38,2,33,0,0,3,0,2020-11-30T06:38:00.000Z
New Caledonia,NC,32,0,32,0,0,0,0,2020-11-30T06:38:00.000Z
Guam,GU,32,1,0,3,0,31,0,2020-03-25T08:50:37.000Z
Timor-Leste,TL,30,0,30,0,0,0,0,2020-11-30T06:38:00.000Z
Vatican City,VA,27,0,15,0,0,12,0,2020-11-30T06:38:00.000Z
Saint Kitts and Nevis,KN,22,0,19,0,0,3,0,2020-11-30T06:38:00.000Z
Greenland,GL,18,0,18,0,0,0,0,2020-11-30T06:38:00.000Z
Solomon Islands,SB,17,0,5,0,0,12,0,2020-11-30T06:38:00.000Z
U.S. Virgin Islands,VI,17,0,0,0,0,17,0,2020-03-25T08:50:38.000Z
Falkland Islands,,16,0,13,0,0,3,0,2020-11-30T06:38:00.000Z
Saint Pierre Miquelon,,16,0,12,0,0,4,0,2020-11-30T06:38:00.000Z
Montserrat,MS,13,1,12,0,0,0,0,2020-11-30T06:38:00.000Z
Western Sahara,EH,10,1,8,0,0,1,0,2020-11-30T06:38:00.000Z
Côte d'Ivoire,CI,9,0,1,0,0,0,0,2020-03-20T00:00:00.000Z
MS Zaandam,,9,2,0,0,0,7,0,2020-11-30T06:38:00.000Z
Marshall Islands,MH,4,0,4,0,0,0,0,2020-11-30T06:38:00.000Z
Anguilla,AI,4,0,3,0,0,1,0,2020-11-30T06:38:00.000Z
Wallis and Futuna,WF,3,0,1,0,0,2,0,2020-11-30T06:38:00.000Z
Central African Republic,,3,0,0,0,0,0,0,2020-03-20T20:43:03.000Z
Kosovo,XK,2,0,0,0,0,0,0,2020-03-20T00:00:00.000Z
Samoa,WS,2,0,0,0,0,2,0,2020-11-30T06:38:00.000Z
Faroe Islands,FO,2,0,0,0,0,0,0,2020-03-10T00:00:00.000Z
Vanuatu,VU,1,0,0,0,0,1,0,2020-11-30T06:38:00.000Z
Saint Vincent and the Grenadines,VC,1,0,0,0,0,0,0,2020-03-20T00:00:00.000Z
Jersey,JE,0,0,0,0,0,0,0,2020-03-20T00:00:00.000Z
Guernsey,GG,0,0,0,0,0,0,0,2020-03-20T00:00:00.000Z
